{"cameraMode":{"drawMode":0,"name":"Shaded","section":"Shading Mode"},"sceneLighting":true,"audioPlay":false,"sceneViewState":{"m_AlwaysRefresh":false,"showFog":true,"showSkybox":true,"showFlares":true,"showImageEffects":true,"showParticleSystems":true,"showVisualEffectGraphs":true,"m_FxEnabled":true},"in2DMode":false,"pivot":{"x":-1.7654180526733399,"y":0.18016064167022706,"z":0.8661677241325378},"rotation":{"x":-0.14144974946975709,"y":-0.10280023515224457,"z":0.014772598631680012,"w":-0.984486997127533},"size":5.692224025726318,"orthographic":false}